station_name,county,lat,lon,rain_3days,predicted_risk,risk_score,ground_truth
九份二山,南投縣,23.962025,120.845272,48.5,0,0.006666666666666667,0
基隆,基隆市,25.133314,121.740475,30.0,0,0.0,0
淡水,新北市,25.164889,121.448906,67.5,0,0.006666666666666667,0
新北,新北市,24.959207,121.525196,102.0,0,0.016666666666666666,1
陽明山,臺北市,25.162078,121.544547,199.5,1,0.5133333333333333,1
鞍部,臺北市,25.182586,121.529731,205.5,1,0.5166666666666667,1
新竹,新竹縣,24.828575,121.01455,174.5,0,0.09333333333333334,1
臺中,臺中市,24.145736,120.684075,62.0,0,0.0,0
澎湖,澎湖縣,23.565503,119.563094,0.0,0,0.0,0
日月潭,南投縣,23.881325,120.90805,29.5,0,0.0033333333333333335,0
阿里山,嘉義縣,23.508208,120.813242,134.5,0,0.09666666666666666,1
玉山,南投縣,23.48718,120.95943,97.5,0,0.02,0
嘉義,嘉義市,23.495925,120.432906,2.5,0,0.0,0
臺南,臺南市,22.99328,120.20492,0.0,0,0.0,0
高雄,高雄市,22.730432,120.312516,21.5,0,0.006666666666666667,0
恆春,屏東縣,22.003897,120.746339,47.0,0,0.006666666666666667,0
宜蘭,宜蘭縣,24.763975,121.756528,28.5,0,0.006666666666666667,0
花蓮,花蓮縣,23.975128,121.613275,9.5,0,0.0,0
成功,臺東縣,23.097486,121.373428,0.0,0,0.0,0
臺東,臺東縣,22.752211,121.154586,0.5,0,0.0033333333333333335,0
大武,臺東縣,22.35572,120.90374,20.0,0,0.006666666666666667,0
蘭嶼,臺東縣,22.0369,121.55843,55.0,0,0.006666666666666667,0
彭佳嶼,基隆市,25.627975,122.079744,116.0,0,0.02666666666666667,1
東吉島,澎湖縣,23.25727,119.66762,0.0,0,0.0,0
東沙島,高雄市,20.700856,116.73,0.0,0,0.0,0
永康,臺南市,23.038386,120.2367,0.0,0,0.0,0
金門(東),金門縣,24.448431,118.451786,0.0,0,0.0,0
武陵,臺中市,24.352825,121.308286,29.0,0,0.0,0
臺北,臺北市,25.037658,121.514853,91.0,0,0.01,0
彰師大,彰化縣,24.081389,120.556667,19.5,0,0.0,0
合歡山,花蓮縣,24.143186,121.284231,164.5,0,0.47,1
金門,金門縣,24.407306,118.289281,0.0,0,0.0,0
馬祖,連江縣,26.169467,119.923158,6.0,0,0.006666666666666667,0
麥寮,雲林縣,23.798783,120.217717,2.5,0,0.006666666666666667,0
新屋,桃園市,25.006725,121.047492,118.5,0,0.01,1
古坑(花),雲林縣,23.63353,120.55239,5.0,0,0.0,0
田中,彰化縣,23.873803,120.581286,8.0,0,0.006666666666666667,0
關渡,臺北市,25.133486,121.469331,96.5,0,0.01,0
新莊,新北市,25.051478,121.446756,99.5,0,0.013333333333333334,0
中和,新北市,24.991622,121.491792,86.5,0,0.01,0
石碇,新北市,24.993969,121.662917,117.0,0,0.02,1
文山,臺北市,25.00235,121.575728,83.5,0,0.006666666666666667,0
山佳,新北市,24.974944,121.402008,144.0,0,0.1,1
桶後,新北市,24.848222,121.597992,82.5,0,0.006666666666666667,0
林口,新北市,25.072181,121.380839,136.5,0,0.03333333333333333,1
八德,桃園市,24.928708,121.283289,127.0,0,0.02666666666666667,1
新埔,新竹縣,24.847447,121.038344,168.5,0,0.09333333333333334,1
鳥嘴山,新竹縣,24.719092,121.283872,160.0,0,0.4666666666666667,1
大河,苗栗縣,24.618069,120.948578,92.0,0,0.0,0
白蘭,新竹縣,24.579364,121.079947,119.0,0,0.01,1
太閣南,新竹縣,24.632808,121.160575,90.5,0,0.006666666666666667,0
鳳美,苗栗縣,24.554803,121.034747,86.5,0,0.0,0
大湖,苗栗縣,24.414939,120.870872,99.0,0,0.01,0
龍溪,苗栗縣,24.606489,120.783933,86.0,0,0.0,0
明德,苗栗縣,24.583486,120.885411,85.0,0,0.0,0
通霄,苗栗縣,24.471892,120.704622,80.0,0,0.0,0
南勢,苗栗縣,24.572486,120.734842,108.0,0,0.016666666666666666,1
梅花,新竹縣,24.678347,121.208558,114.5,0,0.03,1
馬都安,苗栗縣,24.451272,120.930192,99.0,0,0.01,0
雪嶺,臺中市,24.280586,121.026642,357.5,0,0.48333333333333334,1
象鼻,苗栗縣,24.368617,120.940228,178.5,1,0.5233333333333333,1
新開,苗栗縣,24.347703,120.827019,97.0,0,0.013333333333333334,0
松安,苗栗縣,24.397972,120.986022,195.0,1,0.5166666666666667,1
大甲,臺中市,24.347667,120.640403,69.5,0,0.0033333333333333335,0
東勢,臺中市,24.246428,120.833047,73.0,0,0.006666666666666667,0
石岡,臺中市,24.276061,120.777644,59.0,0,0.0033333333333333335,0
新伯公,臺中市,24.221361,120.841069,64.5,0,0.006666666666666667,0
稍來,臺中市,24.265689,121.001142,326.5,0,0.49,1
上谷關,臺中市,24.203483,121.018644,210.0,1,0.52,1
阿眉,南投縣,24.1263,120.994672,191.5,0,0.5,1
合歡山頂,南投縣,24.143442,121.272547,157.0,0,0.43333333333333335,1
菜瓜坪,嘉義縣,23.25163,120.57636,7.0,0,0.006666666666666667,0
楠西,臺南市,23.183511,120.484083,4.0,0,0.006666666666666667,0
龍美,嘉義縣,23.406728,120.654417,17.0,0,0.02,0
馬頭山,嘉義縣,23.324361,120.582017,12.5,0,0.006666666666666667,0
表湖,嘉義縣,23.241856,120.641658,15.0,0,0.04666666666666667,0
善化,臺南市,23.112883,120.297219,0.5,0,0.0033333333333333335,0
曾文,臺南市,23.219681,120.497328,4.5,0,0.006666666666666667,0
玉井,臺南市,23.126042,120.46055,2.0,0,0.006666666666666667,0
尖山,高雄市,22.813153,120.367789,4.5,0,0.006666666666666667,0
里港,屏東縣,22.779194,120.494589,38.5,0,0.006666666666666667,0
大津,高雄市,22.888322,120.645986,106.0,0,0.016666666666666666,1
沙崙,臺南市,22.935472,120.309406,0.0,0,0.0,0
高中,高雄市,23.134911,120.716711,39.0,0,0.04666666666666667,0
小關山,高雄市,23.154217,120.813603,117.0,0,0.02666666666666667,1
梅山,高雄市,23.268447,120.823556,66.5,0,0.03333333333333333,0
古亭坑,高雄市,22.893178,120.401947,12.5,0,0.006666666666666667,0
三地門,屏東縣,22.709889,120.639944,96.5,0,0.01,0
甲仙,高雄市,23.080106,120.591758,17.5,0,0.006666666666666667,0
潮州,屏東縣,22.534361,120.54,8.0,0,0.006666666666666667,0
清流,南投縣,24.080775,120.962997,129.0,0,0.02666666666666667,1
長豐,南投縣,24.102039,120.879897,108.0,0,0.056666666666666664,1
雙冬,南投縣,23.967378,120.802189,30.5,0,0.01,0
中寮,南投縣,23.884447,120.766406,18.5,0,0.0,0
大坑,臺中市,24.173142,120.722289,58.5,0,0.0,0
芬園,彰化縣,24.015678,120.6213,20.5,0,0.0,0
六分寮,南投縣,23.925069,120.637797,15.0,0,0.013333333333333334,0
草屯,南投縣,23.973672,120.68085,19.0,0,0.0,0
神木村,南投縣,23.532742,120.843667,70.0,0,0.013333333333333334,0
桶頭,南投縣,23.641944,120.654117,3.5,0,0.0,0
溪頭,南投縣,23.661789,120.807647,27.0,0,0.016666666666666666,0
下水埔,彰化縣,23.816114,120.5676,7.0,0,0.0033333333333333335,0
大雅,臺中市,24.215281,120.62445,43.0,0,0.0,0
溪湖,彰化縣,23.94835,120.479122,6.0,0,0.0,0
竹山,南投縣,23.761225,120.688156,6.5,0,0.0,0
草嶺,雲林縣,23.59555,120.693461,8.0,0,0.0033333333333333335,0
鳳凰,南投縣,23.728081,120.787347,11.0,0,0.006666666666666667,0
鹿港,彰化縣,24.0753,120.430481,15.0,0,0.006666666666666667,0
員林,彰化縣,23.946503,120.585597,14.0,0,0.0,0
武界,南投縣,23.913225,121.052483,67.0,0,0.04,0
翠峰,南投縣,24.109397,121.205211,106.0,0,0.02666666666666667,1
萬大,南投縣,23.979817,121.132261,85.0,0,0.016666666666666666,0
和社,南投縣,23.591131,120.888861,19.5,0,0.006666666666666667,0
丹大,南投縣,23.753747,121.141147,53.0,0,0.0,0
昆陽,南投縣,24.121322,121.273642,42.0,0,0.016666666666666666,0
廬山,南投縣,24.033311,121.181808,96.0,0,0.02,0
東原,臺南市,23.291597,120.463822,5.5,0,0.006666666666666667,0
北門,臺南市,23.267772,120.125481,1.5,0,0.006666666666666667,0
東後寮,嘉義縣,23.369892,120.248047,15.5,0,0.006666666666666667,0
東河,臺南市,23.296581,120.385592,1.0,0,0.0033333333333333335,0
獨立山,嘉義縣,23.537022,120.607797,6.0,0,0.02666666666666667,0
青雲,南投縣,23.793361,120.949378,21.0,0,0.0,0
卡奈托灣,南投縣,23.754364,121.087872,25.5,0,0.0,0
虎尾,雲林縣,23.719183,120.442036,12.0,0,0.006666666666666667,0
宜梧,雲林縣,23.536267,120.169311,0.0,0,0.0,0
佳里,臺南市,23.173039,120.145086,0.5,0,0.0033333333333333335,0
鼻頭角,新北市,25.129036,121.923372,7.5,0,0.0,0
大坪,新北市,25.165914,121.632969,106.5,0,0.016666666666666666,1
五指山,新北市,25.132153,121.608692,168.0,1,0.5133333333333333,1
雙溪,新北市,25.036003,121.864242,40.0,0,0.006666666666666667,0
三和,新北市,25.233153,121.595236,100.5,0,0.016666666666666666,1
金山,新北市,25.223628,121.643967,72.5,0,0.006666666666666667,0
寒溪,宜蘭縣,24.634003,121.716908,81.5,0,0.006666666666666667,0
雙連埤,宜蘭縣,24.753033,121.641303,92.0,0,0.02,0
三貂角,新北市,25.007606,122.002058,47.5,0,0.0,0
礁溪,宜蘭縣,24.817539,121.765608,28.5,0,0.006666666666666667,0
玉蘭,宜蘭縣,24.675286,121.587061,49.0,0,0.016666666666666666,0
太平山,宜蘭縣,24.505486,121.525656,13.0,0,0.016666666666666666,0
慈恩,花蓮縣,24.192044,121.388386,4.5,0,0.0,0
洛韶,花蓮縣,24.204558,121.453956,2.5,0,0.0,0
龍澗,花蓮縣,24.023289,121.411328,6.5,0,0.0033333333333333335,0
中興,花蓮縣,23.769503,121.498653,8.0,0,0.0,0
西林,花蓮縣,23.8119,121.441458,4.5,0,0.0,0
大觀,花蓮縣,23.714206,121.373133,8.0,0,0.0,0
太安,花蓮縣,23.666719,121.370128,7.5,0,0.02,0
大農,花蓮縣,23.615233,121.413331,7.0,0,0.0,0
布洛灣,花蓮縣,24.171842,121.571269,5.5,0,0.013333333333333334,0
天祥,花蓮縣,24.179597,121.495639,2.0,0,0.0,0
鯉魚潭,花蓮縣,23.935639,121.508944,9.5,0,0.0,0
光復,花蓮縣,23.660694,121.424964,6.0,0,0.0,0
東河,臺東縣,22.972672,121.303986,0.5,0,0.0033333333333333335,0
長濱,臺東縣,23.286817,121.411975,0.0,0,0.0,0
高寮,花蓮縣,23.394239,121.356808,0.5,0,0.0,0
明里,花蓮縣,23.208717,121.262342,0.0,0,0.0,0
紅葉,花蓮縣,23.493119,121.338806,2.0,0,0.0,0
立山,花蓮縣,23.443356,121.327375,1.5,0,0.0,0
摩天,臺東縣,23.199503,121.027,12.5,0,0.016666666666666666,0
太麻里,臺東縣,22.609022,120.985328,1.0,0,0.016666666666666666,0
知本,臺東縣,22.684872,121.005644,0.5,0,0.01,0
鹿野,臺東縣,22.917711,121.122994,0.0,0,0.0,0
靜浦,花蓮縣,23.455167,121.495028,0.0,0,0.0,0
綠島,臺東縣,22.667203,121.475328,0.5,0,0.0033333333333333335,0
池上,臺東縣,23.119628,121.209469,0.0,0,0.0,0
向陽,臺東縣,23.248397,120.986133,20.5,0,0.016666666666666666,0
佳心,花蓮縣,23.345667,121.213164,1.0,0,0.006666666666666667,0
玉里,花蓮縣,23.3215,121.339656,0.5,0,0.0,0
大溪山,臺東縣,22.478475,120.943325,1.0,0,0.006666666666666667,0
舞鶴,花蓮縣,23.468114,121.374069,1.0,0,0.0033333333333333335,0
力里,屏東縣,22.428117,120.629228,42.5,0,0.006666666666666667,0
檳榔,屏東縣,22.076075,120.836794,56.5,0,0.006666666666666667,0
壽卡,臺東縣,22.238911,120.858903,8.5,0,0.016666666666666666,0
車城,屏東縣,22.0744,120.716247,43.5,0,0.006666666666666667,0
貓鼻頭,屏東縣,21.921689,120.735817,37.5,0,0.006666666666666667,0
琉球嶼,屏東縣,22.332244,120.362236,16.5,0,0.006666666666666667,0
社子,臺北市,25.109508,121.469681,54.0,0,0.006666666666666667,0
天母,臺北市,25.117494,121.537169,80.5,0,0.006666666666666667,0
內湖,臺北市,25.079422,121.57545,101.5,0,0.016666666666666666,1
信義,臺北市,25.037822,121.564597,76.5,0,0.006666666666666667,0
石門山,屏東縣,22.112611,120.756597,37.0,0,0.006666666666666667,0
坪林,新北市,24.938183,121.70975,95.0,0,0.01,0
泰平,新北市,24.971197,121.823711,76.0,0,0.006666666666666667,0
汐止,新北市,25.066881,121.658778,99.0,0,0.01,0
月眉山,花蓮縣,23.809928,121.539828,11.5,0,0.0,0
水源,花蓮縣,23.991861,121.537169,13.0,0,0.0,0
南礦,苗栗縣,24.538278,121.002836,101.0,0,0.01,1
中竹林,臺中市,24.103556,120.751061,46.0,0,0.0033333333333333335,0
清水林,臺中市,24.071242,120.820419,55.0,0,0.04666666666666667,0
桐林,臺中市,24.066172,120.735194,28.0,0,0.006666666666666667,0
白冷,臺中市,24.182844,120.929889,152.5,0,0.46,1
白毛台,臺中市,24.158325,120.886933,118.0,0,0.05333333333333334,1
龍安,臺中市,24.1605,120.831961,98.5,0,0.02,0
伯公龍,臺中市,24.272392,120.849047,74.5,0,0.016666666666666666,0
南勢山,苗栗縣,24.421669,120.923831,115.0,0,0.06,1
南湖,苗栗縣,24.40135,120.837533,46.5,0,0.03,0
八卦,苗栗縣,24.491756,120.927619,123.0,0,0.06666666666666667,1
馬拉邦山,苗栗縣,24.367306,120.901656,112.0,0,0.04666666666666667,1
慶福山,臺中市,24.180853,120.848378,70.0,0,0.03666666666666667,0
烏石坑,臺中市,24.273503,120.947617,157.5,0,0.47333333333333333,1
樟湖,南投縣,23.905333,120.846983,44.0,0,0.0033333333333333335,0
鯉潭,南投縣,23.961922,120.991131,53.0,0,0.016666666666666666,0
埔中,南投縣,23.820778,120.642594,9.5,0,0.0,0
豐丘,南投縣,23.668178,120.887417,16.5,0,0.0,0
西巒,南投縣,23.754486,120.883956,17.0,0,0.013333333333333334,0
奧萬大,南投縣,23.952956,121.178556,56.0,0,0.016666666666666666,0
新興橋,南投縣,23.563333,120.868728,34.5,0,0.02666666666666667,0
頭凍,嘉義縣,23.406364,120.603339,12.5,0,0.03666666666666667,0
石磐龍,嘉義縣,23.496606,120.663506,17.0,0,0.02,0
龜山島,宜蘭縣,24.841667,121.953133,46.5,0,0.0033333333333333335,0
南田,臺東縣,22.279725,120.889208,17.5,0,0.006666666666666667,0
金崙,臺東縣,22.538122,120.966875,2.0,0,0.006666666666666667,0
金峰,臺東縣,22.590969,120.933236,4.5,0,0.006666666666666667,0
鳳林山,花蓮縣,23.735269,121.420131,7.0,0,0.0,0
大坑,花蓮縣,23.880628,121.581981,14.5,0,0.0033333333333333335,0
加路蘭山,花蓮縣,23.682947,121.5274,6.0,0,0.016666666666666666,0
豐濱,花蓮縣,23.583897,121.514806,1.5,0,0.0,0
水璉,花蓮縣,23.797131,121.542514,14.0,0,0.0,0
和中,花蓮縣,24.266761,121.741031,15.0,0,0.0,0
東澳,宜蘭縣,24.521958,121.833175,21.0,0,0.0,0
南澳,宜蘭縣,24.449347,121.810219,17.5,0,0.0,0
大屯山,臺北市,25.175675,121.522408,145.0,0,0.3933333333333333,1
神岡,臺中市,24.272481,120.658314,36.5,0,0.0033333333333333335,0
湖田國小,臺北市,25.168595,121.538915,191.5,1,0.5333333333333333,1
大屯國小,臺北市,25.154997,121.503915,105.0,0,0.016666666666666666,1
桃源國中,臺北市,25.134398,121.476914,85.0,0,0.006666666666666667,0
北投國小,臺北市,25.133897,121.498913,85.5,0,0.006666666666666667,0
陽明高中,臺北市,25.092496,121.51671,60.0,0,0.006666666666666667,0
太平國小,臺北市,25.061696,121.511708,76.0,0,0.006666666666666667,0
民生國中,臺北市,25.059693,121.566707,102.5,0,0.016666666666666666,1
中正國中,臺北市,25.031696,121.521906,77.0,0,0.006666666666666667,0
三興國小,臺北市,25.029194,121.558106,85.5,0,0.006666666666666667,0
格致國中,臺北市,25.131395,121.545613,99.0,0,0.01,0
平等國小,臺北市,25.129193,121.576412,198.0,0,0.4666666666666667,1
至善國中,臺北市,25.103294,121.555611,82.0,0,0.006666666666666667,0
碧湖國小,臺北市,25.084692,121.591709,105.5,0,0.016666666666666666,1
東湖國小,臺北市,25.069191,121.615007,92.0,0,0.01,0
留公國中,臺北市,25.037192,121.585606,96.0,0,0.013333333333333334,0
舊莊國小,臺北市,25.039991,121.619405,107.0,0,0.016666666666666666,1
博嘉國小,臺北市,25.002193,121.575304,87.0,0,0.01,0
北政國中,臺北市,24.984393,121.577502,86.5,0,0.01,0
埤腹,臺北市,24.986395,121.545303,74.5,0,0.006666666666666667,0
雙園,臺北市,25.030298,121.490307,70.0,0,0.006666666666666667,0
中洲,臺北市,25.105298,121.474712,81.5,0,0.006666666666666667,0
玉成,臺北市,25.052193,121.582507,97.5,0,0.01,0
建國,臺北市,25.072195,121.528909,81.0,0,0.006666666666666667,0
福德,臺北市,25.099395,121.528911,73.5,0,0.006666666666666667,0
奇岩,臺北市,25.123897,121.503113,81.5,0,0.006666666666666667,0
雙溪,臺北市,25.113593,121.569411,112.5,0,0.02,1
石門後池,桃園市,24.824459,121.25144,131.0,0,0.02666666666666667,1
大豹,新北市,24.887277,121.421373,139.0,0,0.33666666666666667,1
大桶山,新北市,24.876212,121.562992,35.0,0,0.03333333333333333,0
坪林(4),新北市,24.936401,121.710339,93.0,0,0.01,0
中正橋,臺北市,25.021931,121.516401,77.0,0,0.006666666666666667,0
五堵,基隆市,25.079005,121.696626,68.0,0,0.006666666666666667,0
竹子湖,臺北市,25.162299,121.54405,176.0,0,0.4866666666666667,1
碧湖,新北市,24.890886,121.745559,72.0,0,0.006666666666666667,0
石碇(2),新北市,24.991596,121.657883,73.0,0,0.006666666666666667,0
三峽,新北市,24.938878,121.355555,145.0,0,0.09666666666666666,1
瑞芳(2),新北市,25.110338,121.803301,29.0,0,0.006666666666666667,0
火燒寮,新北市,24.981089,121.749275,95.0,0,0.01,0
熊空山,新北市,24.87561,121.451992,102.0,0,0.05333333333333334,1
社后橋,新北市,25.063288,121.633793,65.0,0,0.006666666666666667,0
富貴角,新北市,25.288486,121.544109,79.0,0,0.006666666666666667,0
霞雲,桃園市,24.798205,121.358193,87.0,0,0.0,0
高義,桃園市,24.714905,121.358188,99.5,0,0.03666666666666667,0
玉峰,新竹縣,24.664908,121.308185,100.5,0,0.043333333333333335,1
巴陵,桃園市,24.681503,121.391485,62.5,0,0.0033333333333333335,0
池端,宜蘭縣,24.631499,121.474881,39.0,0,0.016666666666666666,0
嘎拉賀,桃園市,24.631502,121.408182,78.5,0,0.016666666666666666,0
白石,新竹縣,24.548212,121.224879,95.0,0,0.01,0
鎮西堡,新竹縣,24.564908,121.308179,78.0,0,0.01,0
西丘斯山,新竹縣,24.581505,121.358179,39.0,0,0.0,0
太平,新北市,24.971779,121.828198,71.0,0,0.006666666666666667,0
碧湖,新北市,24.892584,121.745694,67.0,0,0.006666666666666667,0
坪林,新北市,24.936785,121.713797,96.0,0,0.01,0
九芎根,新北市,24.902389,121.649896,77.5,0,0.006666666666666667,0
十三股,新北市,24.943989,121.649599,92.5,0,0.02,0
翡翠,新北市,24.907093,121.580097,74.0,0,0.006666666666666667,0
牛鬥,宜蘭縣,24.637836,121.573656,19.5,0,0.006666666666666667,0
紅石,臺東縣,23.069131,121.126219,0.0,0,0.0,0
新豐,新竹縣,24.870678,120.977211,182.5,0,0.10666666666666667,1
復興,桃園市,24.820208,121.352281,95.5,0,0.023333333333333334,0
橫山,新竹縣,24.711158,121.116933,104.0,0,0.01,1
龍潭,桃園市,24.870056,121.221389,160.0,0,0.13333333333333333,1
雪霸,新竹縣,24.526972,121.11605,86.5,0,0.0,0
竹東,新竹縣,24.767147,121.057881,126.0,0,0.01,1
蘆竹,桃園市,25.084275,121.265767,75.0,0,0.0,0
舊莊里,臺北市,25.03399,121.624705,113.5,0,0.02,1
茶製場,臺北市,25.028388,121.663304,107.0,0,0.016666666666666666,1
九如里,臺北市,25.032491,121.611605,85.5,0,0.006666666666666667,0
安泰里,臺北市,25.087591,121.613109,103.0,0,0.016666666666666666,1
溪山里,臺北市,25.136892,121.588912,285.5,0,0.48,1
明德樂園,臺北市,25.113693,121.565711,108.5,0,0.016666666666666666,1
菁山里,臺北市,25.143993,121.566013,197.5,0,0.4866666666666667,1
擎天崗,臺北市,25.163293,121.568014,279.0,1,0.5333333333333333,1
貴子坑,臺北市,25.155898,121.489815,92.0,0,0.01,0
劍南路,臺北市,25.089894,121.55131,81.0,0,0.006666666666666667,0
竹子湖,臺北市,25.168295,121.528315,179.0,1,0.5266666666666666,1
小油坑,臺北市,25.180294,121.548816,316.5,1,0.5166666666666667,1
挹翠山莊,臺北市,25.017093,121.574405,65.0,0,0.006666666666666667,0
指南里,臺北市,24.981493,121.580302,81.0,0,0.006666666666666667,0
貓空,臺北市,24.968892,121.595301,79.0,0,0.006666666666666667,0
平鎮,桃園市,24.897503,121.214636,4.5,0,0.006666666666666667,0
大溪,桃園市,24.882853,121.265547,84.5,0,0.006666666666666667,0
龜山,桃園市,25.028458,121.386561,160.5,0,0.11,1
寶山,新竹縣,24.735006,121.025192,116.5,0,0.01,1
頭份,苗栗縣,24.688247,120.912206,115.5,0,0.01,1
蘇樂,桃園市,24.700595,121.356813,101.5,0,0.056666666666666664,1
八里,新北市,25.150211,121.403947,52.5,0,0.006666666666666667,0
蘆洲,新北市,25.086594,121.472331,80.5,0,0.006666666666666667,0
土城,新北市,24.973208,121.445169,136.0,0,0.03,1
鶯歌,新北市,24.951533,121.346294,154.5,0,0.11,1
新興,高雄市,22.627422,120.298803,8.5,0,0.006666666666666667,0
五結,宜蘭縣,24.686369,121.797944,28.0,0,0.006666666666666667,0
觀音海岸,宜蘭縣,24.383194,121.778556,21.5,0,0.03,0
東澳嶺,宜蘭縣,24.5378,121.8485,27.0,0,0.013333333333333334,0
四獸山,臺北市,25.029293,121.582905,80.5,0,0.006666666666666667,0
福州山,臺北市,25.016894,121.554305,80.0,0,0.006666666666666667,0
金面山,臺北市,25.094893,121.56991,52.5,0,0.006666666666666667,0
大湖里,臺北市,25.096391,121.604109,117.0,0,0.02,1
稻香里,臺北市,25.147998,121.483915,91.5,0,0.01,0
劍潭山,臺北市,25.083096,121.52841,66.0,0,0.006666666666666667,0
仙跡岩,臺北市,24.989295,121.543203,66.0,0,0.006666666666666667,0
獅潭,苗栗縣,24.539133,120.920042,97.5,0,0.01,0
飛鳳山,新竹縣,24.766464,121.119178,74.0,0,0.0,0
外坪五指,新竹縣,24.644447,121.090961,97.5,0,0.02,0
卓蘭,苗栗縣,24.312558,120.824361,77.0,0,0.006666666666666667,0
公館,苗栗縣,24.526914,120.830806,100.0,0,0.006666666666666667,1
苑裡,苗栗縣,24.439714,120.653053,80.0,0,0.006666666666666667,0
造橋,苗栗縣,24.637056,120.864778,103.5,0,0.01,1
苗栗,苗栗縣,24.564569,120.824575,104.5,0,0.01,1
銅鑼,苗栗縣,24.489681,120.790853,82.0,0,0.0,0
西湖,苗栗縣,24.562947,120.7485,112.0,0,0.01,1
福興,彰化縣,24.041289,120.437669,15.5,0,0.0,0
秀水,彰化縣,24.03405,120.503869,17.5,0,0.0,0
埔鹽,彰化縣,24.000394,120.431683,7.0,0,0.0,0
埔心,彰化縣,23.947633,120.525456,8.5,0,0.0,0
田尾,彰化縣,23.901669,120.509389,10.5,0,0.006666666666666667,0
埤頭,彰化縣,23.866003,120.452806,3.5,0,0.0,0
北斗,彰化縣,23.877586,120.514222,6.5,0,0.0033333333333333335,0
社頭,彰化縣,23.897647,120.5862,9.5,0,0.006666666666666667,0
二水,彰化縣,23.810742,120.6173,6.5,0,0.0,0
芳苑,彰化縣,23.922303,120.320025,2.0,0,0.006666666666666667,0
伸港,彰化縣,24.148933,120.484403,18.0,0,0.006666666666666667,0
德基,臺中市,24.254783,121.190261,84.5,0,0.013333333333333334,0
大里,臺中市,24.092464,120.701378,27.0,0,0.0,0
烏日,臺中市,24.107058,120.624103,30.5,0,0.0,0
西屯,臺中市,24.179494,120.641275,47.0,0,0.0,0
南屯,臺中市,24.137006,120.637969,50.0,0,0.0,0
大安,臺中市,24.345061,120.588025,67.5,0,0.006666666666666667,0
后里,臺中市,24.310436,120.729725,56.0,0,0.0,0
豐原,臺中市,24.254322,120.720692,49.5,0,0.006666666666666667,0
潭子,臺中市,24.213106,120.703933,56.5,0,0.0,0
清水,臺中市,24.312297,120.562242,44.5,0,0.006666666666666667,0
外埔,臺中市,24.347817,120.705686,0.0,0,0.0,0
龍井,臺中市,24.184536,120.528972,24.5,0,0.0,0
新社,臺中市,24.200172,120.815806,71.0,0,0.016666666666666666,0
利嘉,臺東縣,22.809417,121.050528,1.5,0,0.016666666666666666,0
南美山,臺東縣,23.15025,121.382333,0.0,0,0.0,0
富源,花蓮縣,23.587642,121.378225,6.5,0,0.0,0
豐南,花蓮縣,23.122139,121.262389,0.0,0,0.0,0
大漢山,屏東縣,22.405264,120.753181,159.5,0,0.4266666666666667,1
羌黃坑,臺南市,23.07211,120.536955,7.5,0,0.006666666666666667,0
集來,高雄市,23.028691,120.592901,30.5,0,0.006666666666666667,0
來義,屏東縣,22.525964,120.676125,55.5,0,0.006666666666666667,0
南豐,南投縣,24.017338,121.088627,166.5,0,0.43,1
新發,高雄市,23.057019,120.646064,42.5,0,0.043333333333333335,0
藤枝,高雄市,23.071961,120.757042,70.0,0,0.013333333333333334,0
溪南(特),高雄市,23.084972,120.788475,74.0,0,0.013333333333333334,0
左鎮,臺南市,23.056758,120.408522,4.5,0,0.006666666666666667,0
旗山,高雄市,22.888614,120.483597,23.0,0,0.006666666666666667,0
橋頭,高雄市,22.757806,120.30575,1.5,0,0.006666666666666667,0
大社,高雄市,22.730306,120.346639,19.5,0,0.006666666666666667,0
大寮,高雄市,22.605614,120.395717,14.0,0,0.006666666666666667,0
南州,屏東縣,22.485911,120.502736,10.0,0,0.006666666666666667,0
麻豆,臺南市,23.183289,120.248611,0.0,0,0.0,0
官田,臺南市,23.193217,120.315422,0.0,0,0.0,0
西港,臺南市,23.125608,120.203108,0.5,0,0.0,0
安定,臺南市,23.102614,120.227839,0.0,0,0.0,0
山上,臺南市,23.0757,120.363253,0.5,0,0.0033333333333333335,0
仁德,臺南市,22.968258,120.257689,0.0,0,0.0,0
關廟,臺南市,22.963017,120.327797,1.0,0,0.006666666666666667,0
臺南市南區,臺南市,22.961189,120.188378,0.0,0,0.0,0
臺南市北區,臺南市,23.010394,120.194228,0.0,0,0.0,0
安平,臺南市,22.993161,120.152181,0.0,0,0.0,0
茄萣,高雄市,22.906642,120.182608,0.0,0,0.0,0
湖內,高雄市,22.887139,120.2445,0.0,0,0.0,0
永安,高雄市,22.82315,120.236856,0.5,0,0.0033333333333333335,0
岡山,高雄市,22.797078,120.294958,4.5,0,0.006666666666666667,0
彌陀,高雄市,22.783806,120.246361,1.5,0,0.006666666666666667,0
梓官,高雄市,22.760558,120.267211,1.5,0,0.006666666666666667,0
仁武,高雄市,22.701083,120.347722,10.5,0,0.006666666666666667,0
鼓山,高雄市,22.623325,120.275575,10.5,0,0.006666666666666667,0
三民,高雄市,22.645017,120.311233,9.0,0,0.006666666666666667,0
苓雅,高雄市,22.622742,120.330669,17.5,0,0.006666666666666667,0
林園,高雄市,22.507747,120.394511,20.0,0,0.006666666666666667,0
高樹,屏東縣,22.826389,120.600806,59.5,0,0.006666666666666667,0
長治,屏東縣,22.693128,120.542622,9.0,0,0.006666666666666667,0
新園,屏東縣,22.5434,120.461558,6.5,0,0.006666666666666667,0
崁頂,屏東縣,22.514781,120.506914,16.5,0,0.006666666666666667,0
佳冬,屏東縣,22.419456,120.552375,40.0,0,0.006666666666666667,0
赤山,屏東縣,22.592333,120.614306,21.5,0,0.006666666666666667,0
鳳山,高雄市,22.646653,120.356122,14.0,0,0.006666666666666667,0
虎頭埤,臺南市,23.021375,120.347878,5.0,0,0.006666666666666667,0
媽廟,臺南市,22.99175,120.293525,0.5,0,0.0,0
崎頂,臺南市,22.959547,120.369317,0.5,0,0.0033333333333333335,0
阿蓮,高雄市,22.883208,120.327508,16.5,0,0.006666666666666667,0
安南,臺南市,23.076694,120.144861,0.0,0,0.0,0
新市,臺南市,23.061614,120.298197,0.5,0,0.0,0
北寮,臺南市,23.079561,120.495008,10.0,0,0.006666666666666667,0
月眉,高雄市,22.971003,120.539853,20.0,0,0.006666666666666667,0
復興,高雄市,23.222403,120.806089,52.5,0,0.043333333333333335,0
王爺宮,臺南市,23.222064,120.40085,6.5,0,0.006666666666666667,0
大內,臺南市,23.118847,120.360833,11.5,0,0.006666666666666667,0
阿禮,屏東縣,22.742908,120.743678,46.0,0,0.023333333333333334,0
瑪家,屏東縣,22.682903,120.686639,114.0,0,0.056666666666666664,1
溪埔,高雄市,22.738578,120.446797,33.5,0,0.006666666666666667,0
阿公店,高雄市,22.804194,120.355528,2.5,0,0.006666666666666667,0
內門,高雄市,22.975481,120.466769,9.0,0,0.006666666666666667,0
鹽埔,屏東縣,22.739558,120.530778,61.5,0,0.006666666666666667,0
鳳森,高雄市,22.545064,120.392592,6.0,0,0.006666666666666667,0
多納林道,高雄市,22.888028,120.737917,162.5,0,0.47,1
舊泰武,屏東縣,22.588194,120.664944,45.5,0,0.04,0
萬山,高雄市,22.905944,120.688056,100.0,0,0.013333333333333334,1
六龜,高雄市,22.997889,120.633583,61.5,0,0.006666666666666667,0
楊梅,桃園市,24.912375,121.143047,172.0,0,0.09333333333333334,1
湖口,新竹縣,24.904794,121.043628,168.5,0,0.09333333333333334,1
永和,新北市,25.01125,121.508111,81.5,0,0.006666666666666667,0
東華,花蓮縣,23.89525,121.549833,12.0,0,0.0033333333333333335,0
新竹市東區,新竹市,24.798681,120.986942,150.0,0,0.056666666666666664,1
石門,桃園市,24.809322,121.248473,132.5,0,0.023333333333333334,1
平溪旅遊,新北市,25.048418,121.773797,72.0,0,0.006666666666666667,0
復興國小,基隆市,25.109012,121.657791,138.0,0,0.04666666666666667,1
龍壽社區,桃園市,25.010105,121.387637,158.0,0,0.10666666666666667,1
員山子,新北市,25.108056,121.814722,24.0,0,0.006666666666666667,0
雙崎(2),臺中市,24.292326,120.910107,105.0,0,0.02666666666666667,1
龍神橋,南投縣,23.779975,120.871686,15.0,0,0.006666666666666667,0
集集(2),南投縣,23.826281,120.774892,19.0,0,0.0,0
惠蓀(2),南投縣,24.090736,121.032224,180.0,1,0.5366666666666666,1
北港(2),雲林縣,23.577934,120.301903,0.0,0,0.0,0
旗山(4),高雄市,22.879521,120.481673,18.0,0,0.006666666666666667,0
屏東(5),屏東縣,22.654873,120.466375,12.0,0,0.006666666666666667,0
鹿鳴橋,臺東縣,22.898621,121.086481,0.0,0,0.0,0
清泉,新竹縣,24.573125,121.10352,101.0,0,0.01,1
梅花,新竹縣,24.677573,121.208601,118.0,0,0.03,1
關西(3),新竹縣,24.780225,121.180437,137.0,0,0.02,1
新埔(1),新竹縣,24.829422,121.071412,177.0,0,0.09666666666666666,1
橫龍山,苗栗縣,24.469909,120.968785,114.0,0,0.01,1
象鼻(1),苗栗縣,24.36042,120.948417,163.0,1,0.5133333333333333,1
松安,苗栗縣,24.397796,120.986018,201.0,1,0.5166666666666667,1
大埔,苗栗縣,24.709464,120.898219,118.0,0,0.01,1
南庄(1),苗栗縣,24.597043,121.00036,90.0,0,0.0,0
卓蘭(2),臺中市,24.30505,120.813208,81.0,0,0.006666666666666667,0
珊珠湖,苗栗縣,24.687014,120.960275,121.0,0,0.01,1
大湖(1),苗栗縣,24.42364,120.869835,85.0,0,0.006666666666666667,0
三義(2),苗栗縣,24.414244,120.77003,89.0,0,0.0,0
南勢山,苗栗縣,24.588003,120.735306,105.0,0,0.016666666666666666,1
大坪頂,苗栗縣,24.425484,120.727759,70.0,0,0.0,0
和興,苗栗縣,24.528034,120.913109,115.0,0,0.01,1
三灣,苗栗縣,24.655722,120.955306,107.0,0,0.01,1
大潭,苗栗縣,24.635269,120.820796,92.0,0,0.0,0
雪嶺,臺中市,24.279567,121.02549,239.0,0,0.48333333333333334,1
頭汴坑,臺中市,24.115092,120.811125,92.0,0,0.02,0
頭汴,彰化縣,24.085275,120.484036,15.0,0,0.0,0
萬興(2),彰化縣,23.955381,120.416991,2.0,0,0.0,0
桶頭(2),南投縣,23.644646,120.657625,2.0,0,0.0,0
翠巒,南投縣,24.182576,121.203514,56.0,0,0.016666666666666666,0
翠峰,南投縣,24.106999,121.199288,106.0,0,0.02666666666666667,1
望鄉,南投縣,23.619266,120.927817,48.0,0,0.016666666666666666,0
東埔,南投縣,23.561831,120.928349,23.0,0,0.0,0
西巒,南投縣,23.710574,120.917657,27.0,0,0.0,0
六分寮,南投縣,23.926186,120.63801,16.0,0,0.013333333333333334,0
草屯(4),南投縣,23.972525,120.678996,18.0,0,0.0,0
北山(2),南投縣,23.985549,120.892835,49.0,0,0.0,0
清流(1),南投縣,24.066314,120.953395,108.0,0,0.01,1
內茅埔(2),南投縣,23.6906,120.851828,19.0,0,0.0,0
西螺(2),雲林縣,23.800493,120.464851,4.0,0,0.006666666666666667,0
林內(1),雲林縣,23.755254,120.612491,4.0,0,0.0,0
大埔,雲林縣,23.630394,120.615417,3.0,0,0.0,0
草嶺(2),雲林縣,23.584167,120.695634,10.0,0,0.016666666666666666,0
褒忠(2),雲林縣,23.701086,120.311047,0.0,0,0.0,0
小公田(2),嘉義縣,23.424513,120.641716,13.0,0,0.043333333333333335,0
大湖山,嘉義縣,23.475173,120.620189,6.0,0,0.04666666666666667,0
樟腦寮(2),嘉義縣,23.533049,120.602587,7.0,0,0.016666666666666666,0
沙坑,嘉義縣,23.530321,120.520569,3.0,0,0.0,0
中坑(3),嘉義縣,23.570458,120.520964,3.0,0,0.0,0
溪口(3),嘉義縣,23.587551,120.40001,1.0,0,0.006666666666666667,0
南化(2),臺南市,23.044518,120.479345,5.0,0,0.006666666666666667,0
崎頂,臺南市,22.964938,120.359823,0.0,0,0.0,0
關子嶺(2),臺南市,23.330882,120.506972,1.0,0,0.006666666666666667,0
六溪,臺南市,23.309037,120.459288,4.0,0,0.006666666666666667,0
東原,臺南市,23.265355,120.445893,9.0,0,0.006666666666666667,0
北寮,臺南市,23.290374,120.496384,5.0,0,0.006666666666666667,0
虎頭埤,臺南市,23.025684,120.337183,1.0,0,0.0,0
王爺宮,臺南市,23.222178,120.400432,6.0,0,0.006666666666666667,0
關山,臺南市,23.173338,120.595163,12.0,0,0.006666666666666667,0
木柵,高雄市,22.975659,120.467014,8.0,0,0.006666666666666667,0
古亭坑,高雄市,22.892785,120.404543,12.0,0,0.006666666666666667,0
金山,高雄市,22.811862,120.398164,2.0,0,0.006666666666666667,0
阿蓮(2),高雄市,22.876332,120.327203,15.0,0,0.006666666666666667,0
甲仙(2),高雄市,23.083884,120.58767,13.0,0,0.006666666666666667,0
美濃(2),高雄市,22.892969,120.540195,33.0,0,0.006666666666666667,0
新來義,屏東縣,22.526997,120.678346,55.0,0,0.006666666666666667,0
南和,屏東縣,22.434551,120.638399,57.0,0,0.006666666666666667,0
古夏,屏東縣,22.76625,120.64444,89.0,0,0.01,0
牡丹,屏東縣,22.175595,120.836703,27.0,0,0.006666666666666667,0
新瑪家,屏東縣,22.675384,120.686784,133.0,0,0.08666666666666667,1
三地門,屏東縣,22.708369,120.649251,77.0,0,0.006666666666666667,0
壽卡,屏東縣,22.245154,120.835687,21.0,0,0.006666666666666667,0
大漢山,屏東縣,22.419298,120.683098,78.0,0,0.016666666666666666,0
士文,屏東縣,22.368323,120.663618,26.0,0,0.006666666666666667,0
泗林,屏東縣,22.545635,120.569592,15.0,0,0.006666666666666667,0
新豐(1),屏東縣,22.855418,120.617155,69.0,0,0.006666666666666667,0
武陵,臺東縣,22.969742,121.11534,0.0,0,0.0,0
知本(5),臺東縣,22.690878,120.99909,1.0,0,0.006666666666666667,0
忠勇,臺東縣,23.325933,121.439636,0.0,0,0.0,0
樟原(1),臺東縣,23.403797,121.459474,0.0,0,0.0,0
紹家,臺東縣,22.379592,120.858181,16.0,0,0.016666666666666666,0
霧鹿,臺東縣,23.169246,121.041436,10.0,0,0.04,0
新武(3),臺東縣,23.132568,121.122873,1.0,0,0.016666666666666666,0
向陽(2),臺東縣,23.247932,120.985899,21.0,0,0.016666666666666666,0
南鵝,臺東縣,22.766264,121.024368,1.0,0,0.006666666666666667,0
上里,臺東縣,22.877254,121.057045,0.0,0,0.0,0
台東(7),臺東縣,22.753496,121.158652,0.0,0,0.0,0
電光,臺東縣,23.006248,121.173241,0.0,0,0.0,0
北源,臺東縣,23.037536,121.301007,0.0,0,0.0,0
卓麓(4),花蓮縣,23.295556,121.266944,0.0,0,0.0,0
立山,花蓮縣,23.430078,121.312632,2.0,0,0.0,0
北埔,花蓮縣,24.037079,121.604462,10.0,0,0.0,0
西林,花蓮縣,23.819214,121.432069,4.0,0,0.0,0
馬太安,花蓮縣,23.672706,121.371893,6.0,0,0.0033333333333333335,0
新東礦,花蓮縣,23.814841,121.403464,3.0,0,0.0033333333333333335,0
明里,花蓮縣,23.202324,121.25167,0.0,0,0.0,0
豐濱,花蓮縣,23.602442,121.520492,1.0,0,0.0,0
六十石山,花蓮縣,23.217557,121.32297,0.0,0,0.016666666666666666,0
東富,花蓮縣,23.684836,121.482088,6.0,0,0.0,0
土場(1),宜蘭縣,24.572873,121.49644,18.0,0,0.0,0
梵梵(2),宜蘭縣,24.613062,121.525585,18.0,0,0.0,0
留茂安,宜蘭縣,24.531772,121.451236,20.0,0,0.0,0
南山,宜蘭縣,24.437089,121.379327,11.0,0,0.0033333333333333335,0
新寮(1),宜蘭縣,24.624996,121.751929,36.0,0,0.006666666666666667,0
冬山,宜蘭縣,24.635687,121.783933,26.0,0,0.006666666666666667,0
新北城,宜蘭縣,24.680903,121.748775,36.0,0,0.006666666666666667,0
大濁水,宜蘭縣,24.329422,121.739594,14.0,0,0.0,0
樟林,宜蘭縣,24.42585,121.749405,14.0,0,0.006666666666666667,0
五峰,宜蘭縣,24.829997,121.748477,43.0,0,0.006666666666666667,0
武塔,宜蘭縣,24.449458,121.77722,18.0,0,0.006666666666666667,0
太平山(1),宜蘭縣,24.494522,121.536435,26.0,0,0.013333333333333334,0
四季,宜蘭縣,24.488418,121.426136,16.0,0,0.006666666666666667,0
清水,宜蘭縣,24.614906,121.637272,63.0,0,0.006666666666666667,0
六龜(4),高雄市,22.997838,120.633563,45.0,0,0.006666666666666667,0
梅山(2),高雄市,23.265549,120.824866,61.0,0,0.03333333333333333,0
天池,高雄市,23.277581,120.916901,114.0,0,0.02666666666666667,1
望安,澎湖縣,23.360891,119.500614,0.0,0,0.0,0
新城國小,新竹縣,24.73339,120.967392,103.0,0,0.01,1
內湖國小,新竹市,24.742156,120.906944,106.0,0,0.01,1
成德中學,新竹市,24.789844,120.952712,85.0,0,0.006666666666666667,0
大竹坑,臺南市,23.141727,120.576962,6.0,0,0.006666666666666667,0
新庄國小,屏東縣,22.560122,120.488328,6.0,0,0.006666666666666667,0
利吉國小,臺東縣,22.838676,121.139022,1.0,0,0.006666666666666667,0
賓茂國小,臺東縣,22.532409,120.954393,3.0,0,0.006666666666666667,0
金針山,臺東縣,22.642801,120.952564,1.0,0,0.016666666666666666,0
神山,屏東縣,22.748999,120.728297,77.0,0,0.04666666666666667,0
奇美國小,花蓮縣,23.496927,121.445929,1.0,0,0.0,0
卓清國小,花蓮縣,23.278428,121.271983,0.0,0,0.0,0
太平國小,花蓮縣,23.405748,121.320127,1.0,0,0.0,0
寶山,高雄市,23.036624,120.708888,39.0,0,0.016666666666666666,0
民權,高雄市,23.240357,120.696723,19.0,0,0.016666666666666666,0
高中(2),高雄市,23.110591,120.703273,29.0,0,0.016666666666666666,0
多納(1),高雄市,22.910218,120.716048,109.0,0,0.02666666666666667,1
溝坪,高雄市,22.990682,120.509017,10.0,0,0.006666666666666667,0
圓富國中,高雄市,22.926574,120.509127,12.0,0,0.006666666666666667,0
上林國小,新北市,25.029351,121.832514,59.0,0,0.006666666666666667,0
吉林國小,新北市,24.985827,121.887489,32.0,0,0.0,0
豐山,嘉義縣,23.574615,120.746747,29.0,0,0.02,0
外來吉,嘉義縣,23.529649,120.739968,30.0,0,0.03666666666666667,0
楠溪,南投縣,23.472849,120.907956,86.0,0,0.013333333333333334,0
崁頂,屏東縣,22.513226,120.511111,16.0,0,0.006666666666666667,0
和中,花蓮縣,24.270832,121.741801,15.0,0,0.0,0
精忠,新北市,24.959713,121.53208,58.5,0,0.0033333333333333335,0
五峰國小,新竹縣,24.631479,121.117585,110.0,0,0.01,1
金岳國小,宜蘭縣,24.47039,121.777318,21.0,0,0.0,0
樂水分校,宜蘭縣,24.600282,121.529309,16.0,0,0.0,0
阿里山國小,嘉義縣,23.469067,120.701672,26.0,0,0.016666666666666666,0
新美國小,嘉義縣,23.337816,120.683124,23.0,0,0.016666666666666666,0
崁頭山,臺南市,23.267835,120.501621,9.5,0,0.016666666666666666,0
建山國小,高雄市,23.105439,120.682922,33.5,0,0.04,0
佳義國小,屏東縣,22.653117,120.630973,87.5,0,0.01,0
丹路國小,屏東縣,22.203384,120.751358,14.0,0,0.006666666666666667,0
愛國埔分校,臺東縣,22.457746,120.922713,3.0,0,0.006666666666666667,0
初鹿國中,臺東縣,22.849954,121.092326,1.0,0,0.006666666666666667,0
加拿國小,臺東縣,23.001003,121.130944,0.0,0,0.0,0
膽曼,臺東縣,23.224869,121.412806,0.0,0,0.0,0
凌霄,南投縣,24.018778,121.004456,114.5,0,0.03,1
魚池,南投縣,23.895703,120.94135,28.5,0,0.013333333333333334,0
國姓,南投縣,24.037803,120.855072,58.0,0,0.006666666666666667,0
翠華,南投縣,24.191961,121.224339,43.5,0,0.013333333333333334,0
仁愛,南投縣,24.022122,121.132206,105.5,0,0.016666666666666666,1
水里,南投縣,23.812553,120.849792,19.0,0,0.0,0
集集,南投縣,23.828206,120.801467,20.0,0,0.0,0
名間,南投縣,23.837053,120.701447,11.5,0,0.0,0
二林,彰化縣,23.903319,120.376069,0.5,0,0.0,0
白河,臺南市,23.347467,120.414428,1.5,0,0.006666666666666667,0
番路,嘉義縣,23.464644,120.554144,6.5,0,0.0033333333333333335,0
新營,臺南市,23.310694,120.316681,0.0,0,0.0,0
將軍,臺南市,23.214972,120.135761,0.5,0,0.0033333333333333335,0
褒忠,雲林縣,23.690928,120.303619,0.0,0,0.0,0
溪口,嘉義縣,23.604119,120.403556,2.0,0,0.0033333333333333335,0
二崙,雲林縣,23.772797,120.408944,4.0,0,0.006666666666666667,0
竹崎,嘉義縣,23.526167,120.555497,3.5,0,0.006666666666666667,0
中埔,嘉義縣,23.425381,120.522903,5.0,0,0.0033333333333333335,0
鹽水,臺南市,23.272603,120.247622,0.0,0,0.0,0
學甲,臺南市,23.230347,120.182167,0.5,0,0.0033333333333333335,0
後壁,臺南市,23.366342,120.362306,0.5,0,0.0,0
西螺,雲林縣,23.8004,120.467383,4.5,0,0.006666666666666667,0
土庫,雲林縣,23.679019,120.395561,8.0,0,0.006666666666666667,0
大林,嘉義縣,23.600606,120.458397,6.5,0,0.006666666666666667,0
東石,嘉義縣,23.458911,120.153831,0.0,0,0.0,0
水上,嘉義縣,23.419719,120.388894,0.5,0,0.0,0
嘉義市東區,嘉義市,23.457656,120.460517,2.5,0,0.0,0
關子嶺,臺南市,23.331169,120.508025,4.5,0,0.006666666666666667,0
溪州,彰化縣,23.851597,120.499083,7.0,0,0.006666666666666667,0
斗南,雲林縣,23.678725,120.478347,9.0,0,0.006666666666666667,0
斗六,雲林縣,23.720575,120.541117,1.5,0,0.0033333333333333335,0
朴子,嘉義縣,23.434628,120.239019,0.5,0,0.0,0
北港,雲林縣,23.574056,120.291786,0.0,0,0.0,0
太保,嘉義縣,23.455047,120.331439,10.0,0,0.006666666666666667,0
林內,雲林縣,23.748675,120.609642,4.5,0,0.0,0
大城,彰化縣,23.852481,120.320922,0.5,0,0.0033333333333333335,0
雲林東勢,雲林縣,23.674194,120.255722,1.0,0,0.006666666666666667,0
民雄,嘉義縣,23.551742,120.428444,6.0,0,0.006666666666666667,0
大埤,雲林縣,23.646064,120.431525,0.5,0,0.0,0
莿桐,雲林縣,23.761192,120.502372,6.0,0,0.006666666666666667,0
竹塘,彰化縣,23.848253,120.386764,1.0,0,0.0,0
臺西,雲林縣,23.701544,120.197547,1.5,0,0.006666666666666667,0
水林,雲林縣,23.572911,120.245956,0.0,0,0.0,0
元長,雲林縣,23.642858,120.31966,1.0,0,0.0033333333333333335,0
布袋,嘉義縣,23.380864,120.167778,0.0,0,0.0,0
鹿草,嘉義縣,23.411322,120.308333,3.5,0,0.006666666666666667,0
六腳,嘉義縣,23.492864,120.290611,0.0,0,0.0,0
新港,嘉義縣,23.553261,120.345719,1.0,0,0.0,0
梅山,嘉義縣,23.585386,120.555581,2.0,0,0.0,0
埔里,南投縣,23.972169,120.952425,50.5,0,0.01,0
信義,南投縣,23.689694,120.851036,20.0,0,0.0,0
左營,高雄市,22.674911,120.284911,8.5,0,0.006666666666666667,0
南投,南投縣,23.911469,120.687331,13.0,0,0.0,0
線浸林道,南投縣,23.761508,120.832956,15.0,0,0.0,0
大尖山,南投縣,23.858572,120.994889,52.0,0,0.016666666666666666,0
口湖,雲林縣,23.585344,120.180517,0.0,0,0.0,0
蔦松,雲林縣,23.514319,120.229736,0.0,0,0.0,0
茶山,嘉義縣,23.299075,120.664767,14.0,0,0.016666666666666666,0
達邦,嘉義縣,23.453994,120.749517,42.5,0,0.03333333333333333,0
鹿寮,臺南市,23.386047,120.477331,1.0,0,0.0,0
杉林溪,南投縣,23.639517,120.786444,42.5,0,0.013333333333333334,0
梅峰,南投縣,24.085272,121.173572,127.0,0,0.04,1
萬大林道,南投縣,23.928228,121.091411,63.0,0,0.016666666666666666,0
五分山,新北市,25.07125,121.780794,67.0,0,0.043333333333333335,0
太閣南,新竹縣,24.625286,121.148046,104.0,0,0.016666666666666666,1
鳥嘴山,新竹縣,24.719164,121.28372,2.0,0,0.043333333333333335,0
苗圃,花蓮縣,23.417015,121.279375,1.0,0,0.006666666666666667,0
花蓮,花蓮縣,23.972934,121.605986,9.0,0,0.006666666666666667,0
墾雷,屏東縣,21.900836,120.855269,61.0,0,0.006666666666666667,0
桃山,臺中市,24.432739,121.303808,52.5,0,0.016666666666666666,0
雪山東峰,臺中市,24.388792,121.268675,77.0,0,0.016666666666666666,0
雪山圈谷,臺中市,24.388594,121.236339,164.5,0,0.48,1
新美,嘉義縣,23.338017,120.683331,24.0,0,0.016666666666666666,0
東莒,連江縣,25.965197,119.980686,1.0,0,0.006666666666666667,0
西嶼,澎湖縣,23.5626,119.468436,0.0,0,0.0,0
花嶼,澎湖縣,23.400069,119.322761,0.0,0,0.0,0
平等,臺北市,25.129142,121.577086,203.5,0,0.44,1
白布帆,苗栗縣,24.298227,120.905896,93.0,0,0.02,0
九份二山,南投縣,23.949895,120.854392,54.5,0,0.0,0
神木,南投縣,23.528204,120.856691,40.5,0,0.016666666666666666,0
上安,南投縣,23.72541,120.876679,16.0,0,0.0,0
郡坑,南投縣,23.739861,120.870126,17.0,0,0.0,0
豐丘,南投縣,23.667997,120.876961,13.0,0,0.0,0
大粗坑,新北市,25.091251,121.838927,53.0,0,0.006666666666666667,0
鳳義坑,花蓮縣,23.740881,121.42608,6.0,0,0.0,0
射馬干,臺東縣,22.725061,121.03782,0.5,0,0.0033333333333333335,0
豐山,嘉義縣,23.590386,120.744799,40.0,0,0.03666666666666667,0
坪頂,雲林縣,23.75386,120.639013,5.5,0,0.0,0
火炎山,苗栗縣,24.356087,120.729316,65.5,0,0.0,0
萬里國小,新北市,25.175833,121.689444,45.5,0,0.006666666666666667,0
長坑國小,新北市,25.126667,121.390556,87.5,0,0.01,0
柑林國小,新北市,25.015833,121.804444,72.0,0,0.006666666666666667,0
五城加油站,新北市,24.939858,121.470989,130.5,0,0.02666666666666667,1
信賢派出所,新北市,24.838333,121.526111,107.0,0,0.016666666666666666,1
五寮國小,新北市,24.858889,121.36,73.5,0,0.006666666666666667,0
建安國小,新北市,24.925692,121.446624,128.0,0,0.03333333333333333,1
有木國小,新北市,24.853611,121.4375,142.0,0,0.09333333333333334,1
大艽芎古道,桃園市,24.825,121.288611,138.0,0,0.043333333333333335,1
高坡國小,桃園市,24.767971,121.35156,114.0,0,0.01,1
尖石國小,新竹縣,24.728728,121.226523,117.5,0,0.02666666666666667,1
錦屏國小,新竹縣,24.680365,121.246763,112.0,0,0.04,1
內灣國小,新竹縣,24.705412,121.183143,89.5,0,0.0,0
花園派出所,新竹縣,24.646103,121.151106,80.0,0,0.0,0
開礦國小,苗栗縣,24.461667,120.863889,88.0,0,0.006666666666666667,0
慈惠堂,苗栗縣,24.4475,120.790278,84.0,0,0.0,0
中坑國小,臺中市,24.236389,120.88,80.0,0,0.016666666666666666,0
坪廓分校,臺中市,24.156667,120.756667,65.5,0,0.006666666666666667,0
峰谷國小,臺中市,24.035278,120.724444,43.5,0,0.0033333333333333335,0
博屋瑪國小,臺中市,24.333611,120.920278,122.0,0,0.03,1
大觀發電廠,南投縣,23.854531,120.869499,32.0,0,0.0,0
平林國小,南投縣,23.992778,120.7625,39.5,0,0.0,0
德化國小,南投縣,23.84869,120.935333,34.0,0,0.006666666666666667,0
玉峰國小,南投縣,23.805589,120.837618,16.5,0,0.0,0
人和國小,南投縣,23.77896,120.896691,16.5,0,0.0,0
福龜國小,南投縣,24.011505,120.822421,48.5,0,0.0033333333333333335,0
北港國小,南投縣,24.056661,120.911322,77.0,0,0.0,0
永興國小,南投縣,23.784838,120.86372,16.5,0,0.0,0
車籠埔,南投縣,23.793611,120.710833,2.5,0,0.0,0
羅娜國小,南投縣,23.628333,120.870556,20.5,0,0.006666666666666667,0
太和村,嘉義縣,23.535556,120.708889,37.0,0,0.013333333333333334,0
沄水國小,嘉義縣,23.381471,120.530602,4.0,0,0.006666666666666667,0
那瑪夏國中,高雄市,23.240423,120.696717,19.0,0,0.016666666666666666,0
內獅國小,屏東縣,22.305,120.644722,16.0,0,0.006666666666666667,0
大里國小,宜蘭縣,24.970278,121.926111,14.0,0,0.0,0
大溪國小,宜蘭縣,24.935556,121.886944,31.0,0,0.0,0
永樂國小,宜蘭縣,24.575833,121.844167,20.5,0,0.0,0
溪口國小,花蓮縣,23.819722,121.473333,11.0,0,0.0,0
山興分校,花蓮縣,23.727778,121.4975,8.0,0,0.0,0
東興部落,花蓮縣,23.635204,121.530893,1.5,0,0.0,0
石梯坪,花蓮縣,23.483056,121.511389,0.5,0,0.0,0
瑞北國小,花蓮縣,23.525556,121.376111,3.0,0,0.0,0
卓溪國小,花蓮縣,23.345833,121.303333,1.0,0,0.0,0
東里國中,花蓮縣,23.263333,121.303056,0.0,0,0.0,0
金峰鄉公所,臺東縣,22.598647,120.960944,3.5,0,0.006666666666666667,0
奎輝國小,桃園市,24.7975,121.334444,111.5,0,0.02,1
金沙,金門縣,24.488292,118.408778,0.0,0,0.0,0
金寧,金門縣,24.457703,118.328989,0.5,0,0.0,0
烏坵,金門縣,24.9944,119.449556,0.5,0,0.0,0
松山,臺北市,25.048711,121.550428,84.0,0,0.006666666666666667,0
南山,宜蘭縣,24.437419,121.381669,11.0,0,0.0,0
大礁溪,宜蘭縣,24.791042,121.675047,47.0,0,0.016666666666666666,0
三棧,花蓮縣,24.115569,121.605006,7.5,0,0.013333333333333334,0
壽豐,花蓮縣,23.870853,121.508081,9.5,0,0.0,0
銅門,花蓮縣,23.965694,121.492842,9.0,0,0.0,0
荖溪,花蓮縣,23.890575,121.459639,14.0,0,0.006666666666666667,0
三星,宜蘭縣,24.668122,121.653017,68.5,0,0.006666666666666667,0
內城,宜蘭縣,24.718133,121.687664,49.0,0,0.006666666666666667,0
頭城,宜蘭縣,24.853233,121.830797,32.0,0,0.0,0
吉安光華,花蓮縣,23.930925,121.595153,9.5,0,0.0,0
鳳林,花蓮縣,23.746114,121.453411,6.5,0,0.0,0
卓溪,花蓮縣,23.344331,121.302853,1.0,0,0.0,0
冬山,宜蘭縣,24.633725,121.793697,27.0,0,0.006666666666666667,0
思源,宜蘭縣,24.393125,121.347214,14.5,0,0.0,0
新城,花蓮縣,24.040486,121.604878,10.5,0,0.0,0
富世,花蓮縣,24.147433,121.629703,12.0,0,0.0,0
覽勝橋,新北市,24.862306,121.551378,87.0,0,0.01,0
萬榮,花蓮縣,23.709219,121.420106,6.5,0,0.0,0
蕃薯寮,花蓮縣,23.73835,121.540108,10.5,0,0.0,0
中坑,臺中市,24.248517,120.903319,107.5,0,0.04666666666666667,1
中央大學,桃園市,24.967652,121.185165,123.0,0,0.01,1
文化大學,臺北市,25.13605,121.53987,95.4,0,0.01,0
深坑,新北市,25.002703,121.628328,85.0,0,0.006666666666666667,0
高鐵苗栗,苗栗縣,24.60725,120.826094,94.0,0,0.0033333333333333335,0
高鐵雲林,雲林縣,23.737456,120.417944,4.0,0,0.0033333333333333335,0
寒溪,宜蘭縣,24.609167,121.686944,99.0,0,0.01,0
華山,雲林縣,23.595278,120.596944,3.0,0,0.0,0
大安森林,臺北市,25.02955,121.53628,78.0,0,0.006666666666666667,0
大興,花蓮縣,23.631944,121.397778,5.0,0,0.0,0
羅東,宜蘭縣,24.681836,121.749344,37.0,0,0.006666666666666667,0
鶯子嶺,宜蘭縣,24.897536,121.792444,53.0,0,0.02666666666666667,0
翠峰湖,宜蘭縣,24.510856,121.608044,62.0,0,0.013333333333333334,0
大福,宜蘭縣,24.800636,121.813892,31.0,0,0.0033333333333333335,0
坪林石牌,宜蘭縣,24.864781,121.773961,58.0,0,0.016666666666666666,0
員山,宜蘭縣,24.74435,121.722472,32.5,0,0.006666666666666667,0
土場,宜蘭縣,24.576533,121.495333,17.5,0,0.0,0
鴛鴦湖,宜蘭縣,24.590269,121.412228,68.5,0,0.016666666666666666,0
瑞穗,花蓮縣,23.5239,121.390211,3.5,0,0.0,0
和平林道,花蓮縣,24.343922,121.656317,10.0,0,0.01,0
和平,花蓮縣,24.307169,121.770069,17.5,0,0.0,0
中平林道,花蓮縣,23.421147,121.267631,0.5,0,0.0,0
瑞穗林道,花蓮縣,23.492842,121.306883,5.5,0,0.0,0
德武,花蓮縣,23.474264,121.410711,1.0,0,0.0,0
赤柯山,花蓮縣,23.368928,121.382931,0.5,0,0.006666666666666667,0
東里,花蓮縣,23.268528,121.305469,0.5,0,0.0,0
審馬陣,臺中市,24.381675,121.4203,18.0,0,0.016666666666666666,0
南湖圈谷,臺中市,24.363714,121.444667,29.5,0,0.02,0
小奇萊,南投縣,24.131764,121.295717,103.5,0,0.023333333333333334,1
奇萊稜線,南投縣,24.109231,121.326456,18.0,0,0.016666666666666666,0
中壢,桃園市,24.977661,121.256375,108.5,0,0.016666666666666666,1
臺灣大學,臺北市,25.014278,121.539416,81.5,0,0.006666666666666667,0
東改班鳩分場,臺東縣,22.829528,121.077694,2.5,0,0.006666666666666667,0
東改賓朗果園,臺東縣,22.813889,121.071278,1.5,0,0.006666666666666667,0
茶改東部分場,臺東縣,22.907694,121.130139,0.0,0,0.0,0
臺大溪頭,南投縣,23.670306,120.798194,26.5,0,0.016666666666666666,0
臺中農改,彰化縣,24.003028,120.534389,11.5,0,0.0,0
南改斗南分場,雲林縣,23.634556,120.477333,6.5,0,0.006666666666666667,0
臺南農改,臺南市,23.0605,120.342194,2.0,0,0.0033333333333333335,0
高改旗南分場,高雄市,22.857861,120.516667,53.0,0,0.006666666666666667,0
高雄農改,屏東縣,22.709333,120.525889,25.5,0,0.006666666666666667,0
畜試北區分所,苗栗縣,24.527806,120.770972,99.0,0,0.0033333333333333335,0
桃園農改,桃園市,24.950944,121.030583,150.0,0,0.056666666666666664,1
桃改五峰分場,新竹縣,24.612194,121.157167,83.0,0,0.0033333333333333335,0
茶改場,桃園市,24.908472,121.185333,145.5,0,0.04666666666666667,1
農工中心,桃園市,24.985917,121.239833,105.0,0,0.01,1
茶改北部分場,新北市,24.955778,121.631222,115.0,0,0.02,1
花改蘭陽分場,宜蘭縣,24.686306,121.716583,63.5,0,0.006666666666666667,0
苗栗農改,苗栗縣,24.495722,120.829111,80.5,0,0.0,0
苗改生物防治,苗栗縣,24.422861,120.871833,96.0,0,0.01,0
種苗繁殖,臺中市,24.225972,120.800917,74.0,0,0.016666666666666666,0
茶改南部分場,南投縣,23.762528,120.7405,9.0,0,0.0,0
茶改中部分場,南投縣,23.875611,120.913583,30.5,0,0.006666666666666667,0
臺大竹山,南投縣,23.756972,120.681556,3.0,0,0.0,0
農試嘉義分所,嘉義市,23.485028,120.473806,1.0,0,0.0,0
南改義竹分場,嘉義縣,23.360694,120.279361,0.5,0,0.0,0
畜試所,臺南市,23.058972,120.336406,1.5,0,0.0,0
農試鳳山分所,高雄市,22.646611,120.356083,13.0,0,0.006666666666666667,0
畜試南區分所,屏東縣,21.945583,120.802167,39.5,0,0.006666666666666667,0
花蓮農改,花蓮縣,23.975222,121.563889,9.0,0,0.0033333333333333335,0
福山植物園,新北市,24.760717,121.58135,116.0,0,0.05333333333333334,1
清水斷崖,花蓮縣,24.218294,121.689142,12.0,0,0.0,0
樟樹山,宜蘭縣,24.413925,121.783247,22.0,0,0.0,0
桃源谷,宜蘭縣,24.962606,121.888875,27.5,0,0.01,0
白嶺,宜蘭縣,24.527819,121.519031,20.0,0,0.016666666666666666,0
西德山,宜蘭縣,24.560647,121.752608,56.0,0,0.013333333333333334,0
西帽山,宜蘭縣,24.555361,121.802628,24.5,0,0.006666666666666667,0
清水林道,花蓮縣,23.27125,121.188272,0.5,0,0.013333333333333334,0
安通山,花蓮縣,23.290728,121.348528,0.0,0,0.0,0
七堵,基隆市,25.094819,121.717128,47.0,0,0.006666666666666667,0
五股,新北市,25.074453,121.427281,106.0,0,0.016666666666666666,1
國一五楊N44K,桃園市,25.063861,121.340164,134.5,0,0.03,1
大鳥,臺東縣,22.383056,120.910278,8.5,0,0.006666666666666667,0
太魯閣,花蓮縣,24.157728,121.623597,17.0,0,0.0,0
龍泉,屏東縣,22.667011,120.590911,78.5,0,0.006666666666666667,0
東港,屏東縣,22.462467,120.440744,29.5,0,0.006666666666666667,0
竹田,屏東縣,22.584861,120.543442,10.5,0,0.006666666666666667,0
消防署訓,南投縣,23.82137,120.72293,11.0,0,0.0,0
屈尺,新北市,24.921836,121.544725,80.5,0,0.006666666666666667,0
基隆嶼,基隆市,25.191408,121.783914,8.5,0,0.0,0
蘭嶼高中,臺東縣,22.049094,121.512142,51.5,0,0.006666666666666667,0
蘭嶼燈塔,臺東縣,22.081197,121.503117,58.0,0,0.006666666666666667,0
松鶴,臺中市,24.178889,120.978333,174.5,1,0.5166666666666667,1
田埔分校,新竹縣,24.641389,121.278611,99.0,0,0.0033333333333333335,0
白沙灣,新北市,25.283128,121.519058,59.5,0,0.006666666666666667,0
小林,高雄市,23.14841,120.63325,22.0,0,0.016666666666666666,0
新發國小,高雄市,23.0325,120.6625,85.5,0,0.006666666666666667,0
大溪永福,桃園市,24.892936,121.324975,129.5,0,0.02666666666666667,1
十字,嘉義縣,23.492153,120.753683,53.0,0,0.013333333333333334,0
蓮華池,南投縣,23.918333,120.885278,45.5,0,0.013333333333333334,0
中改埔里分場,南投縣,23.903208,120.963364,28.5,0,0.01,0
臺大和社,南投縣,23.590856,120.888864,19.5,0,0.013333333333333334,0
臺大內茅埔,南投縣,23.689722,120.851117,19.5,0,0.0,0
農試溪口農場,嘉義縣,23.58565,120.408111,2.0,0,0.006666666666666667,0
四湖植物園,雲林縣,23.676986,120.163433,0.0,0,0.0,0
農業試驗所,臺中市,24.031261,120.688133,25.0,0,0.0033333333333333335,0
南改鹿草分場,嘉義縣,23.416869,120.283061,17.5,0,0.006666666666666667,0
七股研究中心,臺南市,23.081672,120.062894,0.0,0,0.0,0
萬大發電廠,南投縣,23.978875,121.139639,85.5,0,0.02666666666666667,0
東港工作站,屏東縣,22.479997,120.466058,15.5,0,0.006666666666666667,0
口湖工作站,雲林縣,23.589978,120.180394,0.0,0,0.0,0
恆春工作站,屏東縣,22.079678,120.714425,41.0,0,0.006666666666666667,0
知本水試所,臺東縣,22.702394,121.082761,0.5,0,0.0033333333333333335,0
都蘭,臺東縣,22.87794,121.226881,0.5,0,0.0033333333333333335,0
土阪,臺東縣,22.453108,120.887572,6.0,0,0.006666666666666667,0
下馬,臺東縣,23.150194,121.070025,5.0,0,0.05,0
石寧山,臺東縣,23.223772,121.406639,0.0,0,0.0,0
七塊厝,臺東縣,22.954453,121.229922,0.0,0,0.0,0
富里,花蓮縣,23.171639,121.249378,0.0,0,0.0,0
檳榔四格山,臺東縣,22.810031,121.109308,0.5,0,0.0033333333333333335,0
延平,臺東縣,22.902581,121.084058,0.5,0,0.0033333333333333335,0
都歷,臺東縣,23.020333,121.323642,0.0,0,0.0,0
金峰嘉蘭,臺東縣,22.594789,120.960825,3.5,0,0.006666666666666667,0
金崙山,臺東縣,22.567419,120.959667,3.0,0,0.03666666666666667,0
加津林,臺東縣,22.416211,120.926942,0.0,0,0.0,0
山豬窟,臺東縣,22.318619,120.857372,41.5,0,0.006666666666666667,0
歷坵,臺東縣,22.520969,120.89185,5.0,0,0.016666666666666666,0
勝林山,臺東縣,22.430439,120.8938,4.0,0,0.03666666666666667,0
三重,新北市,25.057378,121.500625,82.0,0,0.006666666666666667,0
香蘭,臺東縣,22.587569,120.993375,1.5,0,0.006666666666666667,0
利嘉林道,臺東縣,22.82325,121.009389,3.0,0,0.016666666666666666,0
佳樂水,屏東縣,21.993578,120.861633,53.0,0,0.006666666666666667,0
枋寮,屏東縣,22.367722,120.590647,25.0,0,0.006666666666666667,0
楓港,屏東縣,22.190131,120.692156,21.5,0,0.006666666666666667,0
枋山,屏東縣,22.247814,120.660794,8.0,0,0.006666666666666667,0
墾丁,屏東縣,21.966756,120.810269,56.5,0,0.006666666666666667,0
石牌,臺北市,25.115597,121.513167,86.0,0,0.006666666666666667,0
牡丹,屏東縣,22.130036,120.792639,40.5,0,0.006666666666666667,0
旭海,屏東縣,22.205403,120.887614,26.5,0,0.006666666666666667,0
線西,彰化縣,24.143358,120.443536,19.5,0,0.006666666666666667,0
三義,苗栗縣,24.40548,120.74982,84.5,0,0.01,0
大庄合作社,雲林縣,23.8068,120.367939,1.0,0,0.0,0
麥寮合作社,雲林縣,23.753836,120.294783,0.0,0,0.0,0
太麻里1,臺東縣,22.598922,120.980044,1.5,0,0.006666666666666667,0
太麻里2,臺東縣,22.598,120.99775,1.5,0,0.006666666666666667,0
桃改樹林分場,新北市,24.944503,121.386972,145.5,0,0.1,1
林試畢祿溪站,南投縣,24.226944,121.308522,29.0,0,0.016666666666666666,0
臺南蘭花園區,臺南市,23.340258,120.379661,1.5,0,0.006666666666666667,0
畜試東區分所,宜蘭縣,24.669039,121.832561,27.0,0,0.0,0
臺大雲林校區,雲林縣,23.730628,120.423903,6.5,0,0.006666666666666667,0
林試扇平站,高雄市,22.9677,120.685703,66.0,0,0.04,0
水試臺西試驗,雲林縣,23.717231,120.190522,0.5,0,0.0033333333333333335,0
牡丹池山,屏東縣,22.168389,120.841225,28.5,0,0.016666666666666666,0
柳營,臺南市,23.253328,120.375253,1.5,0,0.006666666666666667,0
大坪頂,屏東縣,22.024633,120.69355,28.0,0,0.006666666666666667,0
龍磐,屏東縣,21.931672,120.838942,42.0,0,0.006666666666666667,0
獅子,屏東縣,22.202308,120.705236,15.0,0,0.006666666666666667,0
四林格山,屏東縣,22.076989,120.802439,64.0,0,0.016666666666666666,0
南仁湖,屏東縣,22.084681,120.863353,55.5,0,0.006666666666666667,0
保力,屏東縣,22.071122,120.764111,52.0,0,0.006666666666666667,0
滿州,屏東縣,22.024403,120.839892,38.5,0,0.006666666666666667,0
九棚,屏東縣,22.142069,120.894356,36.0,0,0.006666666666666667,0
丹路,屏東縣,22.204481,120.750989,16.0,0,0.006666666666666667,0
內獅,屏東縣,22.305064,120.642986,16.5,0,0.006666666666666667,0
白鷺,屏東縣,22.454275,120.666219,50.5,0,0.016666666666666666,0
高士,屏東縣,22.121825,120.836781,61.5,0,0.006666666666666667,0
達仁林場,臺東縣,22.264347,120.823972,33.5,0,0.016666666666666666,0
國一N174K,臺中市,24.2049,120.6552,47.5,0,0.0,0
國一N198K,彰化縣,24.063889,120.523056,16.0,0,0.0,0
國一N234K,雲林縣,23.74633,120.467926,6.0,0,0.006666666666666667,0
國一N250K,嘉義縣,23.610292,120.436867,2.0,0,0.006666666666666667,0
國一S105K,新竹縣,24.726316,120.940643,102.5,0,0.01,1
國一S114K,苗栗縣,24.668836,120.885811,96.5,0,0.0033333333333333335,0
國一S123K,苗栗縣,24.59594,120.86071,99.5,0,0.006666666666666667,0
國一S132K,苗栗縣,24.524506,120.820831,89.5,0,0.0,0
國一S152K,苗栗縣,24.375492,120.749184,85.0,0,0.0,0
國一S162K,臺中市,24.295534,120.695976,41.5,0,0.0033333333333333335,0
國一S169K,臺中市,24.237116,120.688271,50.5,0,0.0033333333333333335,0
國一S188K,臺中市,24.118546,120.585747,31.5,0,0.0033333333333333335,0
國一S207K,彰化縣,23.988304,120.508092,10.0,0,0.0,0
國三N119K,苗栗縣,24.675432,120.847389,90.0,0,0.0,0
國三N151K,苗栗縣,24.440218,120.681656,73.5,0,0.0033333333333333335,0
國三N191K,彰化縣,24.139256,120.5215,19.5,0,0.0,0
國三N208K,臺中市,24.066147,120.660919,22.5,0,0.0,0
國三N223K,南投縣,23.955116,120.662376,18.0,0,0.0,0
國三N252K,雲林縣,23.77412,120.64061,5.0,0,0.0,0
國三S140K,苗栗縣,24.522345,120.725006,90.0,0,0.0,0
國三S156K,苗栗縣,24.39798,120.669487,60.0,0,0.006666666666666667,0
國三S168K,臺中市,24.308519,120.614471,39.5,0,0.0,0
國三S202K,彰化縣,24.092468,120.603256,22.5,0,0.0,0
國三S217K,南投縣,24.00683,120.653214,17.0,0,0.0,0
國四E5K,臺中市,24.296465,120.643135,38.0,0,0.0033333333333333335,0
中興新村,南投縣,23.959722,120.686389,20.5,0,0.0,0
桃改新埔分場,新竹縣,24.834444,121.066111,181.5,0,0.10666666666666667,1
國三N016K,臺北市,25.034164,121.619664,101.0,0,0.016666666666666666,1
國一39K,新北市,25.064361,121.383836,158.0,0,0.10666666666666667,1
國三N149K,苗栗縣,24.463414,120.680019,88.0,0,0.006666666666666667,0
國六W023K,南投縣,23.979067,120.867742,51.0,0,0.0,0
國三N285K,嘉義縣,23.550319,120.505833,2.5,0,0.0,0
國三S383K,高雄市,22.781967,120.426475,38.0,0,0.006666666666666667,0
國三甲005K,臺北市,25.00194,121.5975,93.5,0,0.01,0
國二E009K,桃園市,25.018244,121.273697,106.0,0,0.016666666666666666,1
國三N002K,基隆市,25.14583,121.7217,45.0,0,0.006666666666666667,0
國三S004K,基隆市,25.11444,121.6886,114.5,0,0.02,1
國三S007K,基隆市,25.09694,121.6678,123.5,0,0.02666666666666667,1
國三S010K,新北市,25.08,121.6475,89.0,0,0.01,0
國三S016K,臺北市,25.03306,121.6158,121.5,0,0.02,1
國三S037K,新北市,24.982361,121.471042,116.5,0,0.02666666666666667,1
國三S042K,新北市,24.96,121.4306,146.5,0,0.04666666666666667,1
國三N046K,新北市,24.95083,121.3958,139.0,0,0.1,1
國三S054K,新北市,24.93917,121.3239,161.5,0,0.10666666666666667,1
國三N063K,桃園市,24.889514,121.2636,129.0,0,0.03333333333333333,1
國三N085K,新竹縣,24.78333,121.1211,148.0,0,0.04666666666666667,1
國三S103K,新竹市,24.75861,120.9608,145.5,0,0.04666666666666667,1
國一S001K,基隆市,25.11583,121.7286,54.0,0,0.006666666666666667,0
國一S006K,基隆市,25.08694,121.6869,100.0,0,0.02,1
國一N013K,新北市,25.066739,121.628153,113.0,0,0.02666666666666667,1
國一S026K,新北市,25.07639,121.4964,78.0,0,0.006666666666666667,0
國一S072K,桃園市,24.89583,121.1342,195.5,0,0.11,1
國一N077K,新竹縣,24.885,121.0889,210.5,0,0.11,1
國一S082K,新竹縣,24.87667,121.0467,207.5,0,0.11,1
國一S088K,新竹縣,24.84444,121.0214,176.5,0,0.09666666666666666,1
國一N094K,新竹市,24.79778,121.0089,151.0,0,0.056666666666666664,1
國一S098K,新竹縣,24.76056,120.9911,144.5,0,0.04666666666666667,1
六龜,高雄市,23.0805,120.692997,16.5,0,0.016666666666666666,0
甲仙,高雄市,23.087497,120.575997,16.5,0,0.016666666666666666,0
二萬坪,嘉義縣,23.509597,120.79,41.5,0,0.013333333333333334,0
國一S262K,嘉義縣,23.512333,120.403038,5.0,0,0.006666666666666667,0
國一N268K,嘉義縣,23.460833,120.375833,1.5,0,0.0,0
國一N273K,嘉義縣,23.416666,120.355,0.5,0,0.0,0
國一N288K,臺南市,23.30609,120.290033,0.0,0,0.0,0
國一S306K,臺南市,23.152831,120.230558,0.0,0,0.0,0
國一N323K,臺南市,23.011789,120.249453,0.0,0,0.0,0
國一S342K,高雄市,22.845555,120.295,7.0,0,0.006666666666666667,0
國一S346K,高雄市,22.812222,120.314166,7.5,0,0.006666666666666667,0
國一N361K,高雄市,22.680555,120.328611,8.0,0,0.006666666666666667,0
國三N279K,嘉義縣,23.596111,120.523333,1.5,0,0.0,0
國三N295K,嘉義市,23.468598,120.499369,3.0,0,0.0,0
國三N303K,嘉義縣,23.411969,120.452447,1.0,0,0.0,0
國三S311K,臺南市,23.346388,120.438888,0.0,0,0.0,0
國三S329K,臺南市,23.212777,120.355833,1.0,0,0.0033333333333333335,0
國三N336K,臺南市,23.154722,120.345,0.0,0,0.0,0
國三S342K,臺南市,23.106694,120.327528,2.5,0,0.006666666666666667,0
國三S366K,臺南市,22.9077,120.3513,10.0,0,0.006666666666666667,0
國三S385K,高雄市,22.767777,120.444444,25.0,0,0.006666666666666667,0
國三S415K,屏東縣,22.568,120.528,12.0,0,0.006666666666666667,0
國三N425K,屏東縣,22.480277,120.531666,11.5,0,0.006666666666666667,0
石碇服務區,新北市,25.00865,121.638017,104.5,0,0.016666666666666666,1
坪林交控,新北市,24.942842,121.638556,96.0,0,0.01,0
國一N128K,苗栗縣,24.560997,120.836,102.5,0,0.01,1
國一S218K,彰化縣,23.890642,120.485117,7.0,0,0.0033333333333333335,0
國三N238K,南投縣,23.841008,120.699575,11.0,0,0.0,0
東山服務區,臺南市,23.286017,120.390378,1.0,0,0.0033333333333333335,0
西濱N066K,新竹縣,24.8956,120.9649,182.0,0,0.10666666666666667,1
西濱S082K,新竹市,24.751724,120.905028,106.5,0,0.01,1
西濱N107K,苗栗縣,24.5958,120.7394,90.0,0,0.01,0
西濱S129K,苗栗縣,24.4472,120.6428,77.0,0,0.006666666666666667,0
西濱N151K,臺中市,24.275964,120.547681,34.0,0,0.006666666666666667,0
西濱S173K,彰化縣,24.1081,120.434576,18.5,0,0.006666666666666667,0
西濱S189K,彰化縣,23.987857,120.369607,5.5,0,0.006666666666666667,0
